gene_standard_name,gene_name,gene_primary_dbid,cross_ref_id,homolog_standard_name,homolog_systematic_name,homolog_name,disease_identifier,disease_name,data_source,homolog_algorithm,homolog_algorithm_matches,homolog_algorithm_attempts
AASS,aminoadipate-semialdehyde synthase,10157,605113,LYS9,YNR050C,LYSine requiring,268700,SACCHAROPINURIA,DiOPT,OrthoInspector|SonicParanoid|PANTHER,3,9
AASS,aminoadipate-semialdehyde synthase,10157,605113,LYS9,YNR050C,LYSine requiring,238700,"HYPERLYSINEMIA, TYPE I",DiOPT,OrthoInspector|SonicParanoid|PANTHER,3,9
ABCB11,"ATP-binding cassette, sub-family B (MDR/TAP), member 11",8647,603201,STE6,YKL209C,STErile,605479,"CHOLESTASIS, BENIGN RECURRENT INTRAHEPATIC, 2; BRIC2",DiOPT,InParanoid|OrthoInspector|PhylomeDB|SonicParanoid,4,9
ABCB11,"ATP-binding cassette, sub-family B (MDR/TAP), member 11",8647,603201,STE6,YKL209C,STErile,601847,"CHOLESTASIS, PROGRESSIVE FAMILIAL INTRAHEPATIC, 2; PFIC2",DiOPT,InParanoid|OrthoInspector|PhylomeDB|SonicParanoid,4,9
ABCC2,"ATP-binding cassette, sub-family C (CFTR/MRP), member 2",1244,601107,YCF1,YDR135C,Yeast Cadmium Factor,237500,DUBIN-JOHNSON SYNDROME; DJS,DiOPT,OrthoInspector|PhylomeDB|PANTHER|OrthoFinder|InParanoid|Hieranoid|OMA|SonicParanoid|Ensembl Compara,9,9
ACTR2,ARP2 actin-related protein 2 homolog (yeast),10097,604221,ARP2,YDL029W,Actin-Related Protein,,,DiOPT,OrthoInspector|PhylomeDB|PANTHER|OrthoFinder|InParanoid|Hieranoid|OMA|SonicParanoid,8,9
ADHFE1,"alcohol dehydrogenase, iron containing, 1",137872,611083,ADH4,YGL256W,Alcohol DeHydrogenase,,,DiOPT,OrthoInspector|OrthoFinder|InParanoid|Hieranoid|Ensembl Compara,5,9
ADSL,adenylosuccinate lyase,158,608222,ADE13,YLR359W,ADEnine requiring,103050,ADENYLOSUCCINASE DEFICIENCY,DiOPT,OrthoInspector|PhylomeDB|PANTHER|OrthoFinder|InParanoid|Hieranoid|OMA|SonicParanoid|Ensembl Compara,9,9
AHCY,adenosylhomocysteinase,191,180960,SAH1,YER043C,S-Adenosyl-l-Homocysteine hydrolase,613752,HYPERMETHIONINEMIA WITH S-ADENOSYLHOMOCYSTEINE HYDROLASE DEFICIENCY,DiOPT,OrthoInspector|PhylomeDB|PANTHER|OrthoFinder|InParanoid|Hieranoid|OMA|SonicParanoid|Ensembl Compara,9,9
AKR1B10,"aldo-keto reductase family 1, member B10 (aldose reductase)",57016,604707,GCY1,YOR120W,Galactose-inducible Crystallin-like Yeast protein,,,DiOPT,OrthoInspector|InParanoid|OMA|SonicParanoid|Ensembl Compara,5,9
AKR1B10,"aldo-keto reductase family 1, member B10 (aldose reductase)",57016,604707,YPR1,YDR368W,Yeast Putative Reductase,,,DiOPT,OrthoInspector|InParanoid|OMA|SonicParanoid|Ensembl Compara,5,9
ALDH18A1,"aldehyde dehydrogenase 18 family, member A1",5832,138250,PRO2,YOR323C,PROline requiring,601162,"SPASTIC PARAPLEGIA 9A, AUTOSOMAL DOMINANT; SPG9A",DiOPT,OrthoInspector|PANTHER|InParanoid|Hieranoid|SonicParanoid|Ensembl Compara,6,9
ALDH18A1,"aldehyde dehydrogenase 18 family, member A1",5832,138250,PRO2,YOR323C,PROline requiring,219150,"CUTIS LAXA, AUTOSOMAL RECESSIVE, TYPE IIIA; ARCL3A",DiOPT,OrthoInspector|PANTHER|InParanoid|Hieranoid|SonicParanoid|Ensembl Compara,6,9
ALDH18A1,"aldehyde dehydrogenase 18 family, member A1",5832,138250,PRO2,YOR323C,PROline requiring,616603,"CUTIS LAXA, AUTOSOMAL DOMINANT 3; ADCL3",DiOPT,OrthoInspector|PANTHER|InParanoid|Hieranoid|SonicParanoid|Ensembl Compara,6,9
ALDH18A1,"aldehyde dehydrogenase 18 family, member A1",5832,138250,PRO2,YOR323C,PROline requiring,616586,"SPASTIC PARAPLEGIA 9B, AUTOSOMAL RECESSIVE; SPG9B",DiOPT,OrthoInspector|PANTHER|InParanoid|Hieranoid|SonicParanoid|Ensembl Compara,6,9
AMT,aminomethyltransferase,275,238310,GCV1,YDR019C,GlyCine cleaVage,605899,GLYCINE ENCEPHALOPATHY; GCE,DiOPT,OrthoInspector|PhylomeDB|PANTHER|OrthoFinder|InParanoid|Hieranoid|OMA|SonicParanoid|Ensembl Compara,9,9
AP3M1,"adaptor-related protein complex 3, mu 1 subunit",26985,610366,APM3,YBR288C,clathrin Adaptor Protein complex Medium chain,,,DiOPT,Ensembl Compara|Hieranoid|PANTHER|OrthoFinder,4,9
AQP4,aquaporin 4,361,600308,AQY1,YPR192W,AQuaporin from Yeast,,,DiOPT,InParanoid|OrthoInspector|PhylomeDB|SonicParanoid,4,9
ARF3,ADP-ribosylation factor 3,377,103190,ARF1,YDL192W,ADP-Ribosylation Factor,,,DiOPT,OrthoInspector|PhylomeDB|PANTHER|OrthoFinder|InParanoid|Hieranoid|OMA|SonicParanoid,8,9
ARF3,ADP-ribosylation factor 3,377,103190,ARF2,YDL137W,ADP-Ribosylation Factor,,,DiOPT,OrthoInspector|PhylomeDB|PANTHER|OrthoFinder|InParanoid|Hieranoid|OMA|SonicParanoid,8,9
ARF4,ADP-ribosylation factor 4,378,601177,ARF1,YDL192W,ADP-Ribosylation Factor,,,DiOPT,InParanoid|OrthoInspector|SonicParanoid|PANTHER,4,9
ARF4,ADP-ribosylation factor 4,378,601177,ARF2,YDL137W,ADP-Ribosylation Factor,,,DiOPT,InParanoid|OrthoInspector|SonicParanoid|PANTHER,4,9
ARF6,ADP-ribosylation factor 6,382,600464,ARF3,YOR094W,ADP-Ribosylation Factor,,,DiOPT,PhylomeDB|PANTHER|OrthoFinder|Hieranoid|OMA,5,9
ARFGAP2,ADP-ribosylation factor GTPase activating protein 2,84364,606908,GLO3,YER122C,GLyOxalase,,,DiOPT,OrthoInspector|PhylomeDB|PANTHER|OrthoFinder|InParanoid|Hieranoid|SonicParanoid|Ensembl Compara,8,9
ARPC2,actin related protein 2/3 complex subunit 2,10109,604224,ARC35,YNR035C,ARp2/3 Complex subunit,,,DiOPT,OrthoInspector|PhylomeDB|PANTHER|OrthoFinder|InParanoid|Hieranoid|OMA|SonicParanoid|Ensembl Compara,9,9
ARPC3,actin related protein 2/3 complex subunit 3,10094,604225,ARC18,YLR370C,ARp2/3 Complex subunit,,,DiOPT,OrthoInspector|PhylomeDB|PANTHER|OrthoFinder|InParanoid|Hieranoid|OMA|SonicParanoid|Ensembl Compara,9,9
ARPC5,actin related protein 2/3 complex subunit 5,10092,604227,ARC15,YIL062C,ARp2/3 Complex subunit,,,DiOPT,OrthoInspector|PhylomeDB|PANTHER|OrthoFinder|InParanoid|Hieranoid|Ensembl Compara,7,9
ATG2B,autophagy related 2B,55102,616226,ATG2,YNL242W,AuTophaGy related,,,DiOPT,OrthoInspector|PANTHER|OrthoFinder|Hieranoid|SonicParanoid|Ensembl Compara,6,9
ATP6V0C,"ATPase, H+ transporting, lysosomal 16kDa, V0 subunit c",527,108745,VMA3,YEL027W,Vacuolar Membrane Atpase,,,DiOPT,OrthoInspector|PhylomeDB|PANTHER|OrthoFinder|InParanoid|Hieranoid|OMA|SonicParanoid|Ensembl Compara,9,9
ATP6V0D1,"ATPase, H+ transporting, lysosomal 38kDa, V0 subunit d1",9114,607028,VMA6,YLR447C,Vacuolar Membrane Atpase,,,DiOPT,OrthoInspector|PhylomeDB|PANTHER|OrthoFinder|InParanoid|Hieranoid|OMA|SonicParanoid|Ensembl Compara,9,9
ATP6V1B2,"ATPase, H+ transporting, lysosomal 56/58kDa, V1 subunit B2",526,606939,VMA2,YBR127C,Vacuolar Membrane Atpase,616455,ZIMMERMANN-LABAND SYNDROME 2; ZLS2,DiOPT,OrthoInspector|PhylomeDB|PANTHER|OrthoFinder|InParanoid|Hieranoid|OMA|SonicParanoid,8,9
ATP9A,"ATPase, class II, type 9A",10079,609126,NEO1,YIL048W,NEOmycin-resistance,,,DiOPT,OrthoInspector|PhylomeDB|PANTHER|OrthoFinder|InParanoid|Hieranoid|OMA|SonicParanoid,8,9
BCAT1,"branched chain amino-acid transaminase 1, cytosolic",586,113520,BAT1,YHR208W,Branched-chain Amino acid Transaminase,,,DiOPT,OrthoInspector|PhylomeDB|PANTHER|OrthoFinder|InParanoid|Hieranoid|OMA|SonicParanoid,8,9
BCAT1,"branched chain amino-acid transaminase 1, cytosolic",586,113520,BAT2,YJR148W,Branched-chain Amino acid Transaminase,,,DiOPT,OrthoInspector|PhylomeDB|PANTHER|OrthoFinder|InParanoid|Hieranoid|OMA|SonicParanoid,8,9
BOLA2,bolA family member 2,552900,613182,BOL2,YGL220W,BolA-like protein,,,DiOPT,OrthoInspector|PhylomeDB|PANTHER|OrthoFinder|InParanoid|Hieranoid|OMA|Ensembl Compara,8,9
BUB1,BUB1 mitotic checkpoint serine/threonine kinase,699,602452,BUB1,YGR188C,Budding Uninhibited by Benzimidazole,,,DiOPT,OrthoInspector|PhylomeDB|PANTHER|OrthoFinder|InParanoid|Hieranoid|SonicParanoid|Ensembl Compara,8,9
BUB1,BUB1 mitotic checkpoint serine/threonine kinase,699,602452,MAD3,YJL013C,Mitotic Arrest-Deficient,,,DiOPT,OrthoInspector|PANTHER|Ensembl Compara|OrthoFinder,4,9
CBS,cystathionine-beta-synthase,875,613381,CYS4,YGR155W,CYStathionine beta-synthase,236200,HOMOCYSTINURIA DUE TO CYSTATHIONINE BETA-SYNTHASE DEFICIENCY,DiOPT,OrthoInspector|PhylomeDB|PANTHER|OrthoFinder|InParanoid|Hieranoid|OMA|SonicParanoid|Ensembl Compara,9,9
CCS,copper chaperone for superoxide dismutase,9973,603864,CCS1,YMR038C,Copper Chaperone for SOD1,,,DiOPT,PhylomeDB|PANTHER|OrthoFinder|Hieranoid|OMA|Ensembl Compara,6,9
CDC42,cell division cycle 42,998,116952,CDC42,YLR229C,Cell Division Cycle,,,DiOPT,OrthoInspector|PhylomeDB|PANTHER|OrthoFinder|InParanoid|Hieranoid|OMA|SonicParanoid|Ensembl Compara,9,9
CFL1,cofilin 1 (non-muscle),1072,601442,COF1,YLL050C,COFilin,,,DiOPT,OrthoInspector|PANTHER|OrthoFinder|InParanoid|OMA|SonicParanoid|Ensembl Compara,7,9
CHD2,chromodomain helicase DNA binding protein 2,1106,602119,CHD1,YER164W,"Chromatin organization modifier, Helicase, and DNA-binding domains",615369,"EPILEPTIC ENCEPHALOPATHY, CHILDHOOD-ONSET; EEOC",DiOPT,OrthoInspector|PhylomeDB|PANTHER|OrthoFinder|InParanoid|Hieranoid|OMA|SonicParanoid,8,9
CHEK2,checkpoint kinase 2,11200,604373,DUN1,YDL101C,DNA-damage UNinducible,176807,PROSTATE CANCER,DiOPT,OrthoInspector|PhylomeDB|PANTHER|OrthoFinder|InParanoid|SonicParanoid|Ensembl Compara,7,9
CHEK2,checkpoint kinase 2,11200,604373,DUN1,YDL101C,DNA-damage UNinducible,114480,BREAST CANCER,DiOPT,OrthoInspector|PhylomeDB|PANTHER|OrthoFinder|InParanoid|SonicParanoid|Ensembl Compara,7,9
CHEK2,checkpoint kinase 2,11200,604373,DUN1,YDL101C,DNA-damage UNinducible,259500,OSTEOGENIC SARCOMA,DiOPT,OrthoInspector|PhylomeDB|PANTHER|OrthoFinder|InParanoid|SonicParanoid|Ensembl Compara,7,9
CHEK2,checkpoint kinase 2,11200,604373,DUN1,YDL101C,DNA-damage UNinducible,609265,LI-FRAUMENI SYNDROME 2; LFS2,DiOPT,OrthoInspector|PhylomeDB|PANTHER|OrthoFinder|InParanoid|SonicParanoid|Ensembl Compara,7,9
CHMP4A,charged multivesicular body protein 4A,29082,610051,SNF7,YLR025W,Sucrose NonFermenting,,,DiOPT,OrthoInspector|PhylomeDB|PANTHER|OrthoFinder|InParanoid|Hieranoid|OMA,7,9
CHMP4B,charged multivesicular body protein 4B,128866,610897,SNF7,YLR025W,Sucrose NonFermenting,605387,"CATARACT 31, MULTIPLE TYPES; CTRCT31",DiOPT,OrthoInspector|PhylomeDB|PANTHER|OrthoFinder|InParanoid|Hieranoid|OMA,7,9
CKS2,CDC28 protein kinase regulatory subunit 2,1164,116901,CKS1,YBR135W,Cdc28 Kinase Subunit,,,DiOPT,OrthoInspector|PANTHER|InParanoid|SonicParanoid|Ensembl Compara,5,9
CLK4,CDC-like kinase 4,57396,607969,KNS1,YLL019C,Kinase Next to SPA2,,,DiOPT,OrthoInspector|PhylomeDB|PANTHER|OrthoFinder|InParanoid|Hieranoid|SonicParanoid|Ensembl Compara,8,9
COX4I1,cytochrome c oxidase subunit IV isoform 1,1327,123864,COX5A,YNL052W,Cytochrome c OXidase,,,DiOPT,Ensembl Compara|Hieranoid|PANTHER,3,9
COX4I1,cytochrome c oxidase subunit IV isoform 1,1327,123864,COX5B,YIL111W,Cytochrome c OXidase,,,DiOPT,Hieranoid|PANTHER|Ensembl Compara,3,9
CPA3,carboxypeptidase A3 (mast cell),1359,114851,ECM14,YHR132C,ExtraCellular Mutant,,,DiOPT,OrthoInspector|PhylomeDB|PANTHER|OrthoFinder|InParanoid|OMA|SonicParanoid|Ensembl Compara,8,9
CPA4,carboxypeptidase A4,51200,607635,ECM14,YHR132C,ExtraCellular Mutant,,,DiOPT,OrthoInspector|PhylomeDB|PANTHER|OrthoFinder|InParanoid|OMA|SonicParanoid|Ensembl Compara,8,9
CTSA,cathepsin A,5476,613111,ATG42,YBR139W,AuTophaGy,256540,GALACTOSIALIDOSIS; GSL,DiOPT,InParanoid|OrthoInspector|SonicParanoid,3,9
CTSA,cathepsin A,5476,613111,PRC1,YMR297W,PRoteinase C,256540,GALACTOSIALIDOSIS; GSL,DiOPT,InParanoid|OrthoInspector|SonicParanoid|Ensembl Compara,4,9
CUX2,cut-like homeobox 2,23316,610648,COY1,YKL179C,CASP Of Yeast,,,DiOPT,OrthoInspector|PANTHER|Ensembl Compara|OrthoFinder,4,9
CXXC1,CXXC finger protein 1,30827,609150,SPP1,YPL138C,"Set1c, Phd finger Protein",,,DiOPT,OrthoInspector|PANTHER|OrthoFinder,3,9
CYB5R2,cytochrome b5 reductase 2,51700,608342,CBR1,YIL043C,Cytochrome b Reductase,,,DiOPT,OrthoInspector|InParanoid|Hieranoid|OMA|SonicParanoid|Ensembl Compara,6,9
CYCS,"cytochrome c, somatic",54205,123970,CYC1,YJR048W,CYtochrome C,612004,THROMBOCYTOPENIA 4; THC4,DiOPT,OrthoInspector|PhylomeDB|PANTHER|OrthoFinder|InParanoid|Hieranoid|OMA|SonicParanoid|Ensembl Compara,9,9
CYCS,"cytochrome c, somatic",54205,123970,CYC7,YEL039C,CYtochrome C,612004,THROMBOCYTOPENIA 4; THC4,DiOPT,OrthoInspector|PhylomeDB|PANTHER|OrthoFinder|InParanoid|Hieranoid|OMA|SonicParanoid|Ensembl Compara,9,9
DDX19B,DEAD (Asp-Glu-Ala-Asp) box polypeptide 19B,11269,605812,DBP5,YOR046C,Dead Box Protein,,,DiOPT,OrthoInspector|PhylomeDB|PANTHER|OrthoFinder|InParanoid|Hieranoid|OMA|SonicParanoid|Ensembl Compara,9,9
DPH3,diphthamide biosynthesis 3,285381,608959,KTI11,YBL071W-A,Kluveromyces lactis Toxin Insensitive,,,DiOPT,OrthoInspector|PANTHER|OrthoFinder|InParanoid|Hieranoid|OMA|SonicParanoid,7,9
DPYSL2,dihydropyrimidinase-like 2,1808,602463,DAL1,YIR027C,Degradation of Allantoin,,,DiOPT,InParanoid|SonicParanoid,2,9
DUSP10,dual specificity phosphatase 10,11221,608867,MSG5,YNL053W,Multicopy Suppressor of GPA1,,,DiOPT,PANTHER|SonicParanoid|Ensembl Compara,3,9
DUSP8,dual specificity phosphatase 8,1850,602038,MSG5,YNL053W,Multicopy Suppressor of GPA1,,,DiOPT,Ensembl Compara|SonicParanoid|PANTHER,3,9
DYNLL1,"dynein, light chain, LC8-type 1",8655,601562,DYN2,YDR424C,DYNein,,,DiOPT,OrthoInspector|PANTHER|OrthoFinder|InParanoid|Hieranoid|OMA|SonicParanoid|Ensembl Compara,8,9
EHD4,EH-domain containing 4,30844,605892,IRS4,YKR019C,Increased rDNA Silencing,,,DiOPT,Ensembl Compara|PANTHER,2,9
EHD4,EH-domain containing 4,30844,605892,SLA1,YBL007C,Synthetic Lethal with ABP1,,,DiOPT,Ensembl Compara|PANTHER,2,9
EIF2B1,"eukaryotic translation initiation factor 2B, subunit 1 alpha, 26kDa",1967,606686,GCN3,YKR026C,General Control Nonderepressible,603896,LEUKOENCEPHALOPATHY WITH VANISHING WHITE MATTER; VWM,DiOPT,OrthoInspector|PhylomeDB|PANTHER|OrthoFinder|InParanoid|Hieranoid|OMA|SonicParanoid|Ensembl Compara,9,9
EMG1,EMG1 N1-specific pseudouridine methyltransferase,10436,611531,EMG1,YLR186W,Essential for Mitotic Growth,211180,BOWEN-CONRADI SYNDROME; BWCNS,DiOPT,OrthoInspector|PhylomeDB|PANTHER|OrthoFinder|InParanoid|Hieranoid|OMA|SonicParanoid|Ensembl Compara,9,9
ENPP1,ectonucleotide pyrophosphatase/phosphodiesterase 1,5167,173335,NPP1,YCR026C,ecto-Nucleotide Pyrophosphatase/Phosphodiesterase,125853,"DIABETES MELLITUS, NONINSULIN-DEPENDENT; NIDDM",DiOPT,OrthoInspector|PANTHER|Ensembl Compara|OrthoFinder,4,9
ENPP1,ectonucleotide pyrophosphatase/phosphodiesterase 1,5167,173335,NPP1,YCR026C,ecto-Nucleotide Pyrophosphatase/Phosphodiesterase,615522,COLE DISEASE; COLED,DiOPT,OrthoInspector|PANTHER|Ensembl Compara|OrthoFinder,4,9
ENPP1,ectonucleotide pyrophosphatase/phosphodiesterase 1,5167,173335,NPP1,YCR026C,ecto-Nucleotide Pyrophosphatase/Phosphodiesterase,601665,"OBESITY LEANNESS, INCLUDED",DiOPT,OrthoInspector|PANTHER|Ensembl Compara|OrthoFinder,4,9
ENPP1,ectonucleotide pyrophosphatase/phosphodiesterase 1,5167,173335,NPP1,YCR026C,ecto-Nucleotide Pyrophosphatase/Phosphodiesterase,613312,"HYPOPHOSPHATEMIC RICKETS, AUTOSOMAL RECESSIVE, 2; ARHR2",DiOPT,OrthoInspector|PANTHER|Ensembl Compara|OrthoFinder,4,9
ENPP1,ectonucleotide pyrophosphatase/phosphodiesterase 1,5167,173335,NPP1,YCR026C,ecto-Nucleotide Pyrophosphatase/Phosphodiesterase,208000,"ARTERIAL CALCIFICATION, GENERALIZED, OF INFANCY, 1; GACI1",DiOPT,OrthoInspector|PANTHER|Ensembl Compara|OrthoFinder,4,9
ENPP1,ectonucleotide pyrophosphatase/phosphodiesterase 1,5167,173335,NPP2,YEL016C,ecto-Nucleotide Pyrophosphatase/Phosphodiesterase,125853,"DIABETES MELLITUS, NONINSULIN-DEPENDENT; NIDDM",DiOPT,OrthoInspector|PANTHER|Ensembl Compara|OrthoFinder,4,9
ENPP1,ectonucleotide pyrophosphatase/phosphodiesterase 1,5167,173335,NPP2,YEL016C,ecto-Nucleotide Pyrophosphatase/Phosphodiesterase,615522,COLE DISEASE; COLED,DiOPT,OrthoInspector|PANTHER|Ensembl Compara|OrthoFinder,4,9
ENPP1,ectonucleotide pyrophosphatase/phosphodiesterase 1,5167,173335,NPP2,YEL016C,ecto-Nucleotide Pyrophosphatase/Phosphodiesterase,601665,"OBESITY LEANNESS, INCLUDED",DiOPT,OrthoInspector|PANTHER|Ensembl Compara|OrthoFinder,4,9
ENPP1,ectonucleotide pyrophosphatase/phosphodiesterase 1,5167,173335,NPP2,YEL016C,ecto-Nucleotide Pyrophosphatase/Phosphodiesterase,613312,"HYPOPHOSPHATEMIC RICKETS, AUTOSOMAL RECESSIVE, 2; ARHR2",DiOPT,OrthoInspector|PANTHER|Ensembl Compara|OrthoFinder,4,9
ENPP1,ectonucleotide pyrophosphatase/phosphodiesterase 1,5167,173335,NPP2,YEL016C,ecto-Nucleotide Pyrophosphatase/Phosphodiesterase,208000,"ARTERIAL CALCIFICATION, GENERALIZED, OF INFANCY, 1; GACI1",DiOPT,OrthoInspector|PANTHER|Ensembl Compara|OrthoFinder,4,9
ENPP2,ectonucleotide pyrophosphatase/phosphodiesterase 2,5168,601060,NPP2,YEL016C,ecto-Nucleotide Pyrophosphatase/Phosphodiesterase,,,DiOPT,OrthoInspector|PhylomeDB|PANTHER|OrthoFinder|Ensembl Compara,5,9
ERN1,endoplasmic reticulum to nucleus signaling 1,2081,604033,IRE1,YHR079C,Inositol REquiring,,,DiOPT,OrthoInspector|PANTHER|OrthoFinder|InParanoid|Hieranoid|SonicParanoid,6,9
FAP,fibroblast activation protein alpha,2191,600403,STE13,YOR219C,STErile,,,DiOPT,OrthoInspector|PhylomeDB|PANTHER|OrthoFinder|InParanoid|Hieranoid|OMA|SonicParanoid|Ensembl Compara,9,9
FARS2,"phenylalanyl-tRNA synthetase 2, mitochondrial",10667,611592,MSF1,YPR047W,"Mitochondrial aminoacyl-tRNA Synthetase, Phenylalanine (F)",614946,COMBINED OXIDATIVE PHOSPHORYLATION DEFICIENCY 14; COXPD14,DiOPT,OrthoInspector|PhylomeDB|PANTHER|OrthoFinder|InParanoid|Hieranoid|OMA|SonicParanoid|Ensembl Compara,9,9
FBL,fibrillarin,2091,134795,NOP1,YDL014W,NucleOlar Protein,,,DiOPT,OrthoInspector|PANTHER|OrthoFinder|InParanoid|Hieranoid|OMA|SonicParanoid|Ensembl Compara,8,9
FDFT1,farnesyl-diphosphate farnesyltransferase 1,2222,184420,ERG9,YHR190W,ERGosterol biosynthesis,,,DiOPT,OrthoInspector|PhylomeDB|PANTHER|OrthoFinder|InParanoid|Hieranoid|OMA|SonicParanoid|Ensembl Compara,9,9
FEN1,flap structure-specific endonuclease 1,2237,600393,RAD27,YKL113C,RADiation sensitive,,,DiOPT,OrthoInspector|PhylomeDB|PANTHER|OrthoFinder|InParanoid|Hieranoid|OMA|SonicParanoid|Ensembl Compara,9,9
FMO1,flavin containing monooxygenase 1,2326,136130,FMO1,YHR176W,Flavin containing MonoOxygenase,,,DiOPT,InParanoid|OrthoInspector|SonicParanoid|Ensembl Compara,4,9
GCLC,"glutamate-cysteine ligase, catalytic subunit",2729,606857,GSH1,YJL101C,glutathione (GSH),230450,"GAMMA-GLUTAMYLCYSTEINE SYNTHETASE DEFICIENCY, HEMOLYTIC ANEMIA DUE TO",DiOPT,OrthoInspector|PhylomeDB|PANTHER|OrthoFinder|InParanoid|Hieranoid|OMA|SonicParanoid|Ensembl Compara,9,9
GCLC,"glutamate-cysteine ligase, catalytic subunit",2729,606857,GSH1,YJL101C,glutathione (GSH),608446,"MYOCARDIAL INFARCTION, SUSCEPTIBILITY TO MYOCARDIAL INFARCTION, SUSCEPTIBILITY TO, 1, INCLUDED; MCI1, INCLUDED",DiOPT,OrthoInspector|PhylomeDB|PANTHER|OrthoFinder|InParanoid|Hieranoid|OMA|SonicParanoid|Ensembl Compara,9,9
GDA,guanine deaminase,9615,139260,GUD1,YDL238C,GUanine Deaminase,,,DiOPT,OrthoInspector|PhylomeDB|PANTHER|OrthoFinder|InParanoid|Hieranoid|OMA|SonicParanoid|Ensembl Compara,9,9
GNB1,"guanine nucleotide binding protein (G protein), beta polypeptide 1",2782,139380,STE4,YOR212W,STErile,,,DiOPT,OrthoInspector|PANTHER|OrthoFinder|InParanoid|Hieranoid|OMA|SonicParanoid,7,9
GSS,glutathione synthetase,2937,601002,GSH2,YOL049W,Glutathione,231900,"GLUTATHIONE SYNTHETASE DEFICIENCY OF ERYTHROCYTES, HEMOLYTIC ANEMIA DUE TO; GSSDE",DiOPT,OrthoInspector|PANTHER|OrthoFinder|InParanoid|Hieranoid|OMA|SonicParanoid|Ensembl Compara,8,9
GSS,glutathione synthetase,2937,601002,GSH2,YOL049W,Glutathione,266130,GLUTATHIONE SYNTHETASE DEFICIENCY; GSSD,DiOPT,OrthoInspector|PANTHER|OrthoFinder|InParanoid|Hieranoid|OMA|SonicParanoid|Ensembl Compara,8,9
HDAC8,histone deacetylase 8,55869,300269,HOS1,YPR068C,Hda One Similar,300882,CORNELIA DE LANGE SYNDROME 5; CDLS5,DiOPT,PhylomeDB|Ensembl Compara|OrthoFinder,3,9
HDAC8,histone deacetylase 8,55869,300269,HOS1,YPR068C,Hda One Similar,309585,WILSON-TURNER X-LINKED MENTAL RETARDATION SYNDROME; WTS,DiOPT,PhylomeDB|Ensembl Compara|OrthoFinder,3,9
HELLS,"helicase, lymphoid-specific",3070,603946,IRC5,YFR038W,Increased Recombination Centers,,,DiOPT,OrthoInspector|PhylomeDB|OrthoFinder|InParanoid|Hieranoid|OMA|SonicParanoid|Ensembl Compara,8,9
HIST1H2AC,"histone cluster 1, H2ac",8334,602794,HTA1,YDR225W,Histone h Two A,,,DiOPT,OrthoInspector|PANTHER|InParanoid|Hieranoid|OMA|SonicParanoid,6,9
HIST1H2AC,"histone cluster 1, H2ac",8334,602794,HTA2,YBL003C,Histone h Two A,,,DiOPT,OrthoInspector|PANTHER|InParanoid|Hieranoid|OMA|SonicParanoid,6,9
HIST1H2AE,"histone cluster 1, H2ae",3012,602786,HTA1,YDR225W,Histone h Two A,,,DiOPT,OrthoInspector|PANTHER|InParanoid|Hieranoid|OMA|SonicParanoid,6,9
HIST1H2AE,"histone cluster 1, H2ae",3012,602786,HTA2,YBL003C,Histone h Two A,,,DiOPT,OrthoInspector|PANTHER|InParanoid|Hieranoid|OMA|SonicParanoid,6,9
HIST1H3A,"histone cluster 1, H3a",8350,602810,HHT1,YBR010W,Histone H Three,,,DiOPT,InParanoid|OrthoInspector|OMA|SonicParanoid,4,9
HIST1H3A,"histone cluster 1, H3a",8350,602810,HHT2,YNL031C,Histone H Three,,,DiOPT,InParanoid|OrthoInspector|OMA|SonicParanoid,4,9
HK1,hexokinase 1,3098,142600,HXK1,YFR053C,HeXoKinase,605285,"NEUROPATHY, HEREDITARY MOTOR AND SENSORY, RUSSE TYPE; HMSNR",DiOPT,OrthoInspector|PhylomeDB|PANTHER|OrthoFinder|SonicParanoid,5,9
HK1,hexokinase 1,3098,142600,HXK1,YFR053C,HeXoKinase,235700,"HEMOLYTIC ANEMIA, NONSPHEROCYTIC, DUE TO HEXOKINASE DEFICIENCY",DiOPT,OrthoInspector|PhylomeDB|PANTHER|OrthoFinder|SonicParanoid,5,9
HK1,hexokinase 1,3098,142600,HXK2,YGL253W,HeXoKinase,605285,"NEUROPATHY, HEREDITARY MOTOR AND SENSORY, RUSSE TYPE; HMSNR",DiOPT,OrthoInspector|PhylomeDB|PANTHER|OrthoFinder|SonicParanoid,5,9
HK1,hexokinase 1,3098,142600,HXK2,YGL253W,HeXoKinase,235700,"HEMOLYTIC ANEMIA, NONSPHEROCYTIC, DUE TO HEXOKINASE DEFICIENCY",DiOPT,OrthoInspector|PhylomeDB|PANTHER|OrthoFinder|SonicParanoid,5,9
HNRNPAB,heterogeneous nuclear ribonucleoprotein A/B,3182,602688,HRP1,YOL123W,Heterogenous nuclear RibonucleoProtein,,,DiOPT,InParanoid|Hieranoid|Ensembl Compara,3,9
HPCAL1,hippocalcin-like 1,3241,600207,FRQ1,YDR373W,FReQuenin homolog,,,DiOPT,Hieranoid|OrthoInspector|PANTHER,3,9
HSD17B13,hydroxysteroid (17-beta) dehydrogenase 13,345275,612127,,YDL114W,,,,DiOPT,PANTHER|InParanoid|Hieranoid|SonicParanoid|Ensembl Compara,5,9
HSPA4,heat shock 70kDa protein 4,3308,601113,SSE1,YPL106C,Stress Seventy subfamily E,,,DiOPT,OrthoInspector|PhylomeDB|PANTHER|OrthoFinder|InParanoid|Hieranoid|OMA|SonicParanoid|Ensembl Compara,9,9
HSPA4,heat shock 70kDa protein 4,3308,601113,SSE2,YBR169C,Stress Seventy subfamily E,,,DiOPT,OrthoInspector|PhylomeDB|PANTHER|OrthoFinder|InParanoid|Hieranoid|OMA|SonicParanoid|Ensembl Compara,9,9
HTRA1,HtrA serine peptidase 1,5654,602194,NMA111,YNL123W,Nuclear Mediator of Apoptosis,600142,"CEREBRAL ARTERIOPATHY, AUTOSOMAL RECESSIVE, WITH SUBCORTICAL INFARCTS AND LEUKOENCEPHALOPATHY; CARASIL",DiOPT,OrthoInspector|Ensembl Compara,2,9
HTRA1,HtrA serine peptidase 1,5654,602194,NMA111,YNL123W,Nuclear Mediator of Apoptosis,610149,"MACULAR DEGENERATION, AGE-RELATED, 7; ARMD7 MACULAR DEGENERATION, AGE-RELATED, NEOVASCULAR TYPE, SUSCEPTIBILITY TO, INCLUDED",DiOPT,OrthoInspector|Ensembl Compara,2,9
IMPA2,inositol(myo)-1(or 4)-monophosphatase 2,3613,605922,INM1,YHR046C,INositol Monophosphatase,,,DiOPT,OrthoInspector|PhylomeDB|PANTHER|OrthoFinder|InParanoid|Hieranoid|OMA|SonicParanoid|Ensembl Compara,9,9
IMPA2,inositol(myo)-1(or 4)-monophosphatase 2,3613,605922,INM2,YDR287W,INositol Monophosphatase,,,DiOPT,OrthoInspector|PANTHER|OrthoFinder|InParanoid|Hieranoid|OMA|SonicParanoid|Ensembl Compara,8,9
ING5,"inhibitor of growth family, member 5",84289,608525,PHO23,YNL097C,PHOsphate metabolism,,,DiOPT,OrthoInspector|PANTHER|Ensembl Compara,3,9
ING5,"inhibitor of growth family, member 5",84289,608525,YNG2,YHR090C,Yeast iNG1 homolog,,,DiOPT,InParanoid|OMA|PANTHER,3,9
IP6K2,inositol hexakisphosphate kinase 2,51447,606992,ARG82,YDR173C,ARGinine requiring,,,DiOPT,PANTHER|Ensembl Compara|OrthoFinder,3,9
IP6K2,inositol hexakisphosphate kinase 2,51447,606992,KCS1,YDR017C,pKC1 Suppressor,,,DiOPT,OrthoInspector|PANTHER|OrthoFinder|InParanoid|SonicParanoid|Ensembl Compara,6,9
ITPA,inosine triphosphatase (nucleoside triphosphate pyrophosphatase),3704,147520,HAM1,YJR069C,6-n-HydroxylAMinopurine sensitive,613850,INOSINE TRIPHOSPHATASE DEFICIENCY,DiOPT,OrthoInspector|PhylomeDB|PANTHER|OrthoFinder|InParanoid|Hieranoid|OMA|SonicParanoid|Ensembl Compara,9,9
JAZF1,JAZF zinc finger 1,221895,606246,SFP1,YLR403W,Split Finger Protein,,,DiOPT,OrthoInspector|PANTHER|OrthoFinder|Hieranoid|Ensembl Compara,5,9
KCNAB1,"potassium channel, voltage gated subfamily A regulatory beta subunit 1",7881,601141,,YPL088W,,,,DiOPT,InParanoid|OrthoInspector|SonicParanoid|Ensembl Compara,4,9
KCNAB2,"potassium channel, voltage gated subfamily A regulatory beta subunit 2",8514,601142,,YPL088W,,,,DiOPT,InParanoid|OrthoInspector|SonicParanoid,3,9
KIF18A,kinesin family member 18A,81930,611271,KIP3,YGL216W,KInesin related Protein,,,DiOPT,OrthoInspector|PhylomeDB|PANTHER|OrthoFinder|SonicParanoid|Ensembl Compara,6,9
LCP1,lymphocyte cytosolic protein 1 (L-plastin),3936,153430,SAC6,YDR129C,Suppressor of ACtin,,,DiOPT,OrthoInspector|PANTHER|OrthoFinder|InParanoid|Hieranoid|OMA|SonicParanoid|Ensembl Compara,8,9
LEPROT,leptin receptor overlapping transcript,54741,613461,VPS55,YJR044C,Vacuolar Protein Sorting,,,DiOPT,OrthoInspector|PhylomeDB|PANTHER|OrthoFinder|InParanoid|Hieranoid|Ensembl Compara,7,9
LPIN1,lipin 1,23175,605518,PAH1,YMR165C,Phosphatidic Acid phosphoHydrolase,268200,"MYOGLOBINURIA, ACUTE RECURRENT, AUTOSOMAL RECESSIVE",DiOPT,OrthoInspector|PhylomeDB|PANTHER|OrthoFinder|InParanoid|Hieranoid|SonicParanoid|Ensembl Compara,8,9
LSM1,"LSM1 homolog, mRNA degradation associated",27257,607281,LSM1,YJL124C,Like SM,,,DiOPT,OrthoInspector|PhylomeDB|PANTHER|OrthoFinder|InParanoid|Hieranoid|SonicParanoid|Ensembl Compara,8,9
MAP4K5,mitogen-activated protein kinase kinase kinase kinase 5,11183,604923,CDC15,YAR019C,Cell Division Cycle,,,DiOPT,PhylomeDB|Ensembl Compara,2,9
MAPK1,mitogen-activated protein kinase 1,5594,176948,FUS3,YBL016W,cell FUSion,,,DiOPT,OrthoInspector|PhylomeDB|PANTHER|OrthoFinder|InParanoid|Hieranoid|OMA|SonicParanoid|Ensembl Compara,9,9
MAPK1,mitogen-activated protein kinase 1,5594,176948,KSS1,YGR040W,Kinase Suppressor of Sst2 mutations,,,DiOPT,OrthoInspector|PhylomeDB|PANTHER|OrthoFinder|InParanoid|Hieranoid|OMA|SonicParanoid,8,9
MAPRE1,"microtubule-associated protein, RP/EB family, member 1",22919,603108,BIM1,YER016W,BInding to Microtubules,,,DiOPT,OrthoInspector|PhylomeDB|PANTHER|OrthoFinder|InParanoid|Hieranoid|OMA|SonicParanoid|Ensembl Compara,9,9
MAT1A,"methionine adenosyltransferase I, alpha",4143,610550,SAM1,YLR180W,S-AdenosylMethionine requiring,250850,METHIONINE ADENOSYLTRANSFERASE DEFICIENCY,DiOPT,OrthoInspector|PhylomeDB|PANTHER|OrthoFinder|InParanoid|Hieranoid|OMA|SonicParanoid|Ensembl Compara,9,9
MAT1A,"methionine adenosyltransferase I, alpha",4143,610550,SAM2,YDR502C,S-AdenosylMethionine requiring,250850,METHIONINE ADENOSYLTRANSFERASE DEFICIENCY,DiOPT,OrthoInspector|PhylomeDB|PANTHER|OrthoFinder|InParanoid|Hieranoid|OMA|SonicParanoid|Ensembl Compara,9,9
MCM10,minichromosome maintenance 10 replication initiation factor,55388,609357,MCM10,YIL150C,MiniChromosome Maintenance,,,DiOPT,OrthoInspector|PhylomeDB|PANTHER|OrthoFinder|Ensembl Compara,5,9
MCM4,minichromosome maintenance complex component 4,4173,602638,MCM4,YPR019W,MiniChromosome Maintenance,609981,NATURAL KILLER CELL AND GLUCOCORTICOID DEFICIENCY WITH DNA REPAIR DEFECT; NKGCD,DiOPT,OrthoInspector|PhylomeDB|PANTHER|InParanoid|Hieranoid|OMA|SonicParanoid|Ensembl Compara,8,9
MCM6,minichromosome maintenance complex component 6,4175,601806,MCM6,YGL201C,MiniChromosome Maintenance,223100,"LACTOSE INTOLERANCE, ADULT TYPE",DiOPT,OrthoInspector|PhylomeDB|PANTHER|OrthoFinder|InParanoid|Hieranoid|OMA|SonicParanoid|Ensembl Compara,9,9
ME1,"malic enzyme 1, NADP(+)-dependent, cytosolic",4199,154250,MAE1,YKL029C,MAlic Enzyme,,,DiOPT,OrthoInspector|OrthoFinder|InParanoid|SonicParanoid|Ensembl Compara,5,9
MEAF6,MYST/Esa1-associated factor 6,64769,611001,EAF6,YJR082C,Esa1p-Associated Factor,,,DiOPT,PANTHER|OrthoFinder,2,9
MED13,mediator complex subunit 13,9969,603808,SSN2,YDR443C,Suppressor of SNf1,,,DiOPT,Hieranoid|PANTHER|OrthoFinder,3,9
MED7,mediator complex subunit 7,9443,605045,MED7,YOL135C,MEDiator complex,,,DiOPT,OrthoInspector|PhylomeDB|OrthoFinder|InParanoid|Hieranoid|OMA|SonicParanoid,7,9
MND1,meiotic nuclear divisions 1,84057,611422,MND1,YGL183C,Meiotic Nuclear Divisions,,,DiOPT,OrthoInspector|PhylomeDB|PANTHER|OrthoFinder|InParanoid|Hieranoid|OMA|Ensembl Compara,8,9
MOB1B,MOB kinase activator 1B,92597,609282,MOB1,YIL106W,Mps One Binder,,,DiOPT,OrthoInspector|PANTHER|OrthoFinder|InParanoid|Hieranoid|SonicParanoid,6,9
MORF4L2,mortality factor 4 like 2,9643,300409,EAF3,YPR023C,Esa1p-Associated Factor,,,DiOPT,OrthoInspector|PhylomeDB|PANTHER|OrthoFinder|InParanoid|Hieranoid|SonicParanoid,7,9
MRPL2,mitochondrial ribosomal protein L2,51069,611822,RML2,YEL050C,Ribosomal Mitochondrial Large,,,DiOPT,OrthoInspector|PANTHER|OrthoFinder|InParanoid|Hieranoid|SonicParanoid,6,9
MRPL28,mitochondrial ribosomal protein L28,10573,604853,MRPL24,YMR193W,"Mitochondrial Ribosomal Protein, Large subunit",,,DiOPT,Ensembl Compara|PANTHER,2,9
MRPS7,mitochondrial ribosomal protein S7,51081,611974,RSM7,YJR113C,Ribosomal Small subunit of Mitochondria,,,DiOPT,Ensembl Compara|PANTHER,2,9
MTHFR,methylenetetrahydrofolate reductase (NAD(P)H),4524,607093,MET12,YPL023C,METhionine requiring,601634,"NEURAL TUBE DEFECTS, FOLATE-SENSITIVE; NTDFS",DiOPT,PhylomeDB|PANTHER|Ensembl Compara|OrthoFinder,4,9
MTHFR,methylenetetrahydrofolate reductase (NAD(P)H),4524,607093,MET12,YPL023C,METhionine requiring,236250,"HOMOCYSTINURIA DUE TO DEFICIENCY OF N(5,10)-METHYLENETETRAHYDROFOLATE REDUCTASE ACTIVITY",DiOPT,PhylomeDB|PANTHER|Ensembl Compara|OrthoFinder,4,9
MTHFR,methylenetetrahydrofolate reductase (NAD(P)H),4524,607093,MET12,YPL023C,METhionine requiring,181500,SCHIZOPHRENIA; SCZD,DiOPT,PhylomeDB|PANTHER|Ensembl Compara|OrthoFinder,4,9
MTHFR,methylenetetrahydrofolate reductase (NAD(P)H),4524,607093,MET12,YPL023C,METhionine requiring,188050,THROMBOPHILIA DUE TO THROMBIN DEFECT; THPH1,DiOPT,PhylomeDB|PANTHER|Ensembl Compara|OrthoFinder,4,9
MTHFR,methylenetetrahydrofolate reductase (NAD(P)H),4524,607093,MET13,YGL125W,METhionine requiring,601634,"NEURAL TUBE DEFECTS, FOLATE-SENSITIVE; NTDFS",DiOPT,OrthoInspector|PhylomeDB|PANTHER|OrthoFinder|InParanoid|Hieranoid|OMA|SonicParanoid|Ensembl Compara,9,9
MTHFR,methylenetetrahydrofolate reductase (NAD(P)H),4524,607093,MET13,YGL125W,METhionine requiring,236250,"HOMOCYSTINURIA DUE TO DEFICIENCY OF N(5,10)-METHYLENETETRAHYDROFOLATE REDUCTASE ACTIVITY",DiOPT,OrthoInspector|PhylomeDB|PANTHER|OrthoFinder|InParanoid|Hieranoid|OMA|SonicParanoid|Ensembl Compara,9,9
MTHFR,methylenetetrahydrofolate reductase (NAD(P)H),4524,607093,MET13,YGL125W,METhionine requiring,181500,SCHIZOPHRENIA; SCZD,DiOPT,OrthoInspector|PhylomeDB|PANTHER|OrthoFinder|InParanoid|Hieranoid|OMA|SonicParanoid|Ensembl Compara,9,9
MTHFR,methylenetetrahydrofolate reductase (NAD(P)H),4524,607093,MET13,YGL125W,METhionine requiring,188050,THROMBOPHILIA DUE TO THROMBIN DEFECT; THPH1,DiOPT,OrthoInspector|PhylomeDB|PANTHER|OrthoFinder|InParanoid|Hieranoid|OMA|SonicParanoid|Ensembl Compara,9,9
NCAPG,"non-SMC condensin I complex, subunit G",64151,606280,YCG1,YDR325W,Yeast Cap G,,,DiOPT,OrthoInspector|PhylomeDB|PANTHER|OrthoFinder|InParanoid|Hieranoid|OMA|Ensembl Compara,8,9
NCOR1,nuclear receptor corepressor 1,9611,600849,SNT1,YCR033W,SaNT domains,,,DiOPT,Ensembl Compara|OrthoInspector|PANTHER|OrthoFinder,4,9
NEDD4L,"neural precursor cell expressed, developmentally down-regulated 4-like, E3 ubiquitin protein ligase",23327,606384,RSP5,YER125W,Reverses Spt- Phenotype,,,DiOPT,OrthoInspector|PANTHER|InParanoid|SonicParanoid|Ensembl Compara,5,9
NFX1,"nuclear transcription factor, X-box binding 1",4799,603255,FAP1,YNL023C,FKBP12-Associated Protein,,,DiOPT,OrthoInspector|PhylomeDB|PANTHER|OrthoFinder|InParanoid|Hieranoid|OMA|SonicParanoid|Ensembl Compara,9,9
NOP14,NOP14 nucleolar protein,8602,611526,NOP14,YDL148C,NucleOlar Protein,,,DiOPT,OrthoInspector|PhylomeDB|PANTHER|OrthoFinder|InParanoid|Hieranoid|OMA|Ensembl Compara,8,9
NPRL3,"NPR3-like, GATOR1 complex subunit",8131,600928,NPR3,YHL023C,Nitrogen Permease Regulator,,,DiOPT,Hieranoid|PANTHER|Ensembl Compara|OrthoFinder,4,9
NSF,N-ethylmaleimide-sensitive factor,4905,601633,SEC18,YBR080C,SECretory,,,DiOPT,OrthoInspector|PhylomeDB|PANTHER|OrthoFinder|InParanoid|Hieranoid|OMA|SonicParanoid|Ensembl Compara,9,9
OPLAH,5-oxoprolinase (ATP-hydrolysing),26873,614243,OXP1,YKL215C,OXoProlinase,260005,5-OXOPROLINASE DEFICIENCY; OPLAHD,DiOPT,OrthoInspector|PhylomeDB|PANTHER|OrthoFinder|InParanoid|Hieranoid|OMA|SonicParanoid|Ensembl Compara,9,9
ORC4,"origin recognition complex, subunit 4",5000,603056,ORC4,YPR162C,Origin Recognition Complex,613800,MEIER-GORLIN SYNDROME 2; MGORS2,DiOPT,OrthoInspector|PhylomeDB|PANTHER|OrthoFinder|InParanoid|Hieranoid|SonicParanoid|Ensembl Compara,8,9
PAPD7,PAP associated domain containing 7,11044,605198,PAP2,YOL115W,Poly(A) Polymerase,,,DiOPT,OrthoInspector|PANTHER|OrthoFinder|InParanoid|Hieranoid|SonicParanoid|Ensembl Compara,7,9
PAPD7,PAP associated domain containing 7,11044,605198,TRF5,YNL299W,Topoisomerase one-Related Function,,,DiOPT,OrthoInspector|PANTHER|OrthoFinder|InParanoid|Hieranoid|SonicParanoid|Ensembl Compara,7,9
PCBP4,poly(rC) binding protein 4,57060,608503,HEK2,YBL032W,HEterogeneous nuclear rnp K-like gene,,,DiOPT,PhylomeDB|PANTHER|OrthoFinder,3,9
PCBP4,poly(rC) binding protein 4,57060,608503,PBP2,YBR233W,Pbp1p Binding Protein,,,DiOPT,OrthoInspector|PhylomeDB|PANTHER|OrthoFinder|InParanoid|Hieranoid|OMA|Ensembl Compara,8,9
PCNA,proliferating cell nuclear antigen,5111,176740,POL30,YBR088C,POLymerase,615919,ATAXIA-TELANGIECTASIA-LIKE DISORDER 2; ATLD2,DiOPT,OrthoInspector|PhylomeDB|PANTHER|OrthoFinder|InParanoid|Hieranoid|OMA|SonicParanoid|Ensembl Compara,9,9
PEMT,phosphatidylethanolamine N-methyltransferase,10400,602391,OPI3,YJR073C,OverProducer of Inositol,,,DiOPT,OrthoInspector|PhylomeDB|PANTHER|OrthoFinder|InParanoid|Hieranoid|OMA|SonicParanoid|Ensembl Compara,9,9
PFDN1,prefoldin subunit 1,5201,604897,PFD1,YJL179W,PreFolDin,,,DiOPT,Hieranoid|PhylomeDB|PANTHER|OrthoFinder,4,9
PHLPP1,PH domain and leucine rich repeat protein phosphatase 1,23239,609396,CYR1,YJL005W,CYclic AMP Requirement,,,DiOPT,OrthoInspector|PhylomeDB,2,9
PI4K2A,phosphatidylinositol 4-kinase type 2 alpha,55361,609763,LSB6,YJL100W,Las Seventeen Binding protein,,,DiOPT,OrthoInspector|PhylomeDB|PANTHER|OrthoFinder|InParanoid|Hieranoid|SonicParanoid|Ensembl Compara,8,9
PIGU,phosphatidylinositol glycan anchor biosynthesis class U,128869,608528,GAB1,YLR459W,GPI and Actin Bar,,,DiOPT,OrthoInspector|PhylomeDB|PANTHER|OrthoFinder|InParanoid|Hieranoid|OMA|SonicParanoid|Ensembl Compara,9,9
PIH1D1,PIH1 domain containing 1,55011,611480,PIH1,YHR034C,Protein Interacting with Hsp90,,,DiOPT,OrthoInspector|SonicParanoid|OrthoFinder,3,9
PIKFYVE,"phosphoinositide kinase, FYVE finger containing",200576,609414,FAB1,YFR019W,Forms Aploid and Binucleate cells,121850,"CORNEAL DYSTROPHY, FLECK",DiOPT,OrthoInspector|OrthoFinder|InParanoid|Hieranoid|OMA|SonicParanoid|Ensembl Compara,7,9
PKN2,protein kinase N2,5586,602549,PKC1,YBL105C,Protein Kinase C,,,DiOPT,OrthoInspector|PANTHER|OrthoFinder,3,9
PLD1,"phospholipase D1, phosphatidylcholine-specific",5337,602382,SPO14,YKR031C,SPOrulation,,,DiOPT,OrthoInspector|PANTHER|OrthoFinder|InParanoid|SonicParanoid|Ensembl Compara,6,9
PNKD,paroxysmal nonkinesigenic dyskinesia,25953,609023,GLO2,YDR272W,GLyOxalase,118800,PAROXYSMAL NONKINESIGENIC DYSKINESIA 1; PNKD1,DiOPT,OrthoInspector|OrthoFinder|InParanoid|SonicParanoid|Ensembl Compara,5,9
PNKD,paroxysmal nonkinesigenic dyskinesia,25953,609023,GLO4,YOR040W,GLyOxalase,118800,PAROXYSMAL NONKINESIGENIC DYSKINESIA 1; PNKD1,DiOPT,OrthoInspector|OrthoFinder|InParanoid|SonicParanoid|Ensembl Compara,5,9
POU3F4,POU class 3 homeobox 4,5456,300039,YOX1,YML027W,Yeast homeobOX,304400,"DEAFNESS, X-LINKED 2; DFNX2",DiOPT,Hieranoid|OrthoFinder,2,9
PPA1,pyrophosphatase (inorganic) 1,5464,179030,IPP1,YBR011C,Inorganic PyroPhosphatase,,,DiOPT,OrthoInspector|PhylomeDB|PANTHER|OrthoFinder|InParanoid|Hieranoid|SonicParanoid|Ensembl Compara,8,9
PPA1,pyrophosphatase (inorganic) 1,5464,179030,PPA2,YMR267W,PyroPhosphatAse,,,DiOPT,Ensembl Compara|PhylomeDB|PANTHER|OrthoFinder,4,9
PPIC,peptidylprolyl isomerase C (cyclophilin C),5480,123842,CPR2,YHR057C,Cyclosporin A-sensitive Proline Rotamase,,,DiOPT,OrthoInspector|PANTHER|InParanoid|Hieranoid|OMA|SonicParanoid|Ensembl Compara,7,9
PPIC,peptidylprolyl isomerase C (cyclophilin C),5480,123842,CPR5,YDR304C,Cyclosporin-sensitive Proline Rotamase,,,DiOPT,OrthoInspector|PANTHER|InParanoid|Hieranoid|OMA|SonicParanoid|Ensembl Compara,7,9
PPP1R3B,"protein phosphatase 1, regulatory subunit 3B",79660,610541,GAC1,YOR178C,Glycogen ACcumulation,,,DiOPT,PANTHER|Ensembl Compara|OrthoFinder,3,9
PPP1R3B,"protein phosphatase 1, regulatory subunit 3B",79660,610541,GIP2,YER054C,Glc7-Interacting Protein,,,DiOPT,Ensembl Compara|OrthoInspector|PANTHER|OrthoFinder,4,9
PPP1R3B,"protein phosphatase 1, regulatory subunit 3B",79660,610541,PIG2,YIL045W,Protein Interacting with Gsy2p,,,DiOPT,Ensembl Compara|OrthoInspector|PANTHER|OrthoFinder,4,9
PRDX1,peroxiredoxin 1,5052,176763,TSA1,YML028W,Thiol-Specific Antioxidant,,,DiOPT,OrthoInspector|PANTHER|InParanoid|Hieranoid|OMA|SonicParanoid,6,9
PRDX1,peroxiredoxin 1,5052,176763,TSA2,YDR453C,Thiol-Specific Antioxidant,,,DiOPT,OrthoInspector|PANTHER|InParanoid|Hieranoid|OMA|SonicParanoid,6,9
PRKAA2,"protein kinase, AMP-activated, alpha 2 catalytic subunit",5563,600497,SNF1,YDR477W,Sucrose NonFermenting,,,DiOPT,OrthoInspector|PhylomeDB|PANTHER|OrthoFinder|InParanoid|Hieranoid|OMA|SonicParanoid,8,9
PRKCD,"protein kinase C, delta",5580,176977,PKC1,YBL105C,Protein Kinase C,615559,"AUTOIMMUNE LYMPHOPROLIFERATIVE SYNDROME, TYPE III; ALPS3",DiOPT,PANTHER|OrthoFinder|InParanoid|Hieranoid|SonicParanoid,5,9
PRKCSH,protein kinase C substrate 80K-H,5589,177060,GTB1,YDR221W,Glucosidase Two Beta-subunit,174050,POLYCYSTIC LIVER DISEASE; PCLD,DiOPT,OrthoInspector|PANTHER|InParanoid|SonicParanoid|Ensembl Compara,5,9
PSMC2,"proteasome 26S subunit, ATPase 2",5701,154365,RPT1,YKL145W,"Regulatory Particle Triple-A protein, or Regulatory Particle Triphosphatase",,,DiOPT,OrthoInspector|PhylomeDB|PANTHER|OrthoFinder|InParanoid|Hieranoid|OMA|SonicParanoid|Ensembl Compara,9,9
PSMC3,"proteasome 26S subunit, ATPase 3",5702,186852,RPT5,YOR117W,"Regulatory Particle Triple-A protein, or Regulatory Particle Triphosphatase",,,DiOPT,OrthoInspector|PhylomeDB|PANTHER|OrthoFinder|InParanoid|Hieranoid|OMA|SonicParanoid|Ensembl Compara,9,9
PSMD10,"proteasome 26S subunit, non-ATPase 10",5716,300880,NAS6,YGR232W,Non-ATPase Subunit 6,,,DiOPT,OrthoInspector|PhylomeDB|InParanoid|Hieranoid|OMA|Ensembl Compara,6,9
PSMD14,"proteasome 26S subunit, non-ATPase 14",10213,607173,RPN11,YFR004W,Regulatory Particle Non-ATPase,,,DiOPT,OrthoInspector|PhylomeDB|PANTHER|OrthoFinder|InParanoid|Hieranoid|OMA|SonicParanoid|Ensembl Compara,9,9
PSMD4,"proteasome 26S subunit, non-ATPase 4",5710,601648,RPN10,YHR200W,Regulatory Particle Non-ATPase,,,DiOPT,OrthoInspector|PhylomeDB|PANTHER|OrthoFinder|InParanoid|Hieranoid|OMA|SonicParanoid|Ensembl Compara,9,9
RAB1A,"RAB1A, member RAS oncogene family",5861,179508,YPT1,YFL038C,Yeast Protein Two,,,DiOPT,OrthoInspector|PANTHER|OrthoFinder|InParanoid|Hieranoid|OMA|SonicParanoid,7,9
RAN,"RAN, member RAS oncogene family",5901,601179,GSP1,YLR293C,Genetic Suppressor of Prp20-1,,,DiOPT,OrthoInspector|PhylomeDB|PANTHER|OrthoFinder|InParanoid|Hieranoid|OMA|SonicParanoid|Ensembl Compara,9,9
RAN,"RAN, member RAS oncogene family",5901,601179,GSP2,YOR185C,Genetic Suppressor of Prp20-1,,,DiOPT,OrthoInspector|PhylomeDB|PANTHER|OrthoFinder|InParanoid|Hieranoid|OMA|SonicParanoid|Ensembl Compara,9,9
RBKS,ribokinase,64080,611132,RBK1,YCR036W,RiBoKinase,,,DiOPT,OrthoInspector|PhylomeDB|PANTHER|OrthoFinder|InParanoid|Hieranoid|OMA|SonicParanoid|Ensembl Compara,9,9
RCL1,RNA terminal phosphate cyclase-like 1,10171,611405,RCL1,YOL010W,Rna 3'-terminal phosphate Cyclase Like,,,DiOPT,OrthoInspector|PhylomeDB|PANTHER|OrthoFinder|InParanoid|Hieranoid|OMA|SonicParanoid|Ensembl Compara,9,9
RHOA,ras homolog family member A,387,165390,RHO1,YPR165W,Ras HOmolog,,,DiOPT,OrthoInspector|PANTHER|OrthoFinder|InParanoid|Hieranoid|OMA|SonicParanoid,7,9
RHOA,ras homolog family member A,387,165390,RHO2,YNL090W,Ras HOmolog,,,DiOPT,Ensembl Compara|PANTHER|OrthoFinder,3,9
RND2,Rho family GTPase 2,8153,601555,RHO3,YIL118W,Ras HOmolog,,,DiOPT,PANTHER|Ensembl Compara,2,9
RND2,Rho family GTPase 2,8153,601555,RHO4,YKR055W,Ras HOmolog,,,DiOPT,PANTHER|Ensembl Compara,2,9
RNMT,RNA (guanine-7-) methyltransferase,8731,603514,ABD1,YBR236C,,,,DiOPT,OrthoInspector|PhylomeDB|PANTHER|OrthoFinder|InParanoid|Hieranoid|SonicParanoid|Ensembl Compara,8,9
RPL8,ribosomal protein L8,6132,604177,RPL2A,YFR031C-A,Ribosomal Protein of the Large subunit,,,DiOPT,OrthoInspector|PhylomeDB|PANTHER|OrthoFinder|InParanoid|Hieranoid|OMA|SonicParanoid|Ensembl Compara,9,9
RPL8,ribosomal protein L8,6132,604177,RPL2B,YIL018W,Ribosomal Protein of the Large subunit,,,DiOPT,OrthoInspector|PhylomeDB|PANTHER|OrthoFinder|InParanoid|Hieranoid|OMA|SonicParanoid|Ensembl Compara,9,9
SAMM50,SAMM50 sorting and assembly machinery component,25813,612058,SAM50,YNL026W,Sorting and Assembly Machinery,,,DiOPT,OrthoInspector|PhylomeDB|PANTHER|OrthoFinder|Hieranoid|SonicParanoid|Ensembl Compara,7,9
SEC31A,"SEC31 homolog A, COPII coat complex component",22872,610257,SEC31,YDL195W,SECretory,,,DiOPT,OrthoInspector|PhylomeDB|PANTHER|OrthoFinder|InParanoid|Hieranoid|OMA|Ensembl Compara,8,9
SHPRH,"SNF2 histone linker PHD RING helicase, E3 ubiquitin protein ligase",257218,608048,IRC20,YLR247C,Increased Recombination Centers,,,DiOPT,Hieranoid|Ensembl Compara|OrthoFinder,3,9
SIK3,SIK family kinase 3,23387,614776,KIN1,YDR122W,KINase,,,DiOPT,Hieranoid|Ensembl Compara,2,9
SIK3,SIK family kinase 3,23387,614776,KIN2,YLR096W,KINase,,,DiOPT,Hieranoid|Ensembl Compara,2,9
SIK3,SIK family kinase 3,23387,614776,PTK1,YKL198C,Putative serine/Threonine protein Kinase,,,DiOPT,PhylomeDB|Ensembl Compara,2,9
SIRT1,sirtuin 1,23411,604479,HST1,YOL068C,Homolog of SIR Two (SIR2),,,DiOPT,OrthoInspector|PhylomeDB|PANTHER|OrthoFinder|SonicParanoid|Ensembl Compara,6,9
SIRT1,sirtuin 1,23411,604479,SIR2,YDL042C,Silent Information Regulator,,,DiOPT,OrthoInspector|PhylomeDB|PANTHER|OrthoFinder|SonicParanoid|Ensembl Compara,6,9
SKIV2L,"SKI2 homolog, superkiller viralicidic activity 2-like",6499,600478,SKI2,YLR398C,SuperKIller,614602,TRICHOHEPATOENTERIC SYNDROME 2; THES2,DiOPT,OrthoInspector|PhylomeDB|PANTHER|OrthoFinder|InParanoid|Hieranoid|OMA|SonicParanoid|Ensembl Compara,9,9
SLC16A10,"solute carrier family 16 (aromatic amino acid transporter), member 10",117247,607550,MCH4,YOL119C,MonoCarboxylate transporter Homolog,,,DiOPT,OrthoInspector|PANTHER|OrthoFinder|InParanoid|Hieranoid|SonicParanoid|Ensembl Compara,7,9
SLC16A10,"solute carrier family 16 (aromatic amino acid transporter), member 10",117247,607550,MCH5,YOR306C,MonoCarboxylate transporter Homolog,,,DiOPT,OrthoInspector|PANTHER|OrthoFinder|InParanoid|Hieranoid|SonicParanoid|Ensembl Compara,7,9
SLC25A16,"solute carrier family 25 (mitochondrial carrier), member 16",8034,139080,LEU5,YHR002W,LEUcine biosynthesis,,,DiOPT,OrthoInspector|PhylomeDB|PANTHER|OrthoFinder|InParanoid|OMA|SonicParanoid|Ensembl Compara,8,9
SLC26A2,"solute carrier family 26 (anion exchanger), member 2",1836,606718,,YPR003C,,222600,DIASTROPHIC DYSPLASIA; DTD,DiOPT,Hieranoid|OMA|SonicParanoid|PANTHER,4,9
SLC26A2,"solute carrier family 26 (anion exchanger), member 2",1836,606718,,YPR003C,,256050,"ATELOSTEOGENESIS, TYPE II; AO2",DiOPT,Hieranoid|OMA|SonicParanoid|PANTHER,4,9
SLC26A2,"solute carrier family 26 (anion exchanger), member 2",1836,606718,,YPR003C,,226900,"EPIPHYSEAL DYSPLASIA, MULTIPLE, 4; EDM4",DiOPT,Hieranoid|OMA|SonicParanoid|PANTHER,4,9
SLC26A2,"solute carrier family 26 (anion exchanger), member 2",1836,606718,,YPR003C,,600972,"ACHONDROGENESIS, TYPE IB; ACG1B",DiOPT,Hieranoid|OMA|SonicParanoid|PANTHER,4,9
SLC27A5,"solute carrier family 27 (fatty acid transporter), member 5",10998,603314,FAT1,YBR041W,FATty acid transporter,,,DiOPT,OrthoInspector|PhylomeDB|InParanoid|Hieranoid|OMA|SonicParanoid|Ensembl Compara,7,9
SLC2A1,"solute carrier family 2 (facilitated glucose transporter), member 1",6513,138140,VPS73,YGL104C,Vacuolar Protein Sorting,601042,DYSTONIA 9; DYT9,DiOPT,OrthoInspector|PANTHER|OrthoFinder|InParanoid|Hieranoid|OMA|SonicParanoid,7,9
SLC2A1,"solute carrier family 2 (facilitated glucose transporter), member 1",6513,138140,VPS73,YGL104C,Vacuolar Protein Sorting,606777,GLUT1 DEFICIENCY SYNDROME 1; GLUT1DS1,DiOPT,OrthoInspector|PANTHER|OrthoFinder|InParanoid|Hieranoid|OMA|SonicParanoid,7,9
SLC2A1,"solute carrier family 2 (facilitated glucose transporter), member 1",6513,138140,VPS73,YGL104C,Vacuolar Protein Sorting,614847,"EPILEPSY, IDIOPATHIC GENERALIZED, SUSCEPTIBILITY TO, 12; EIG12",DiOPT,OrthoInspector|PANTHER|OrthoFinder|InParanoid|Hieranoid|OMA|SonicParanoid,7,9
SLC2A1,"solute carrier family 2 (facilitated glucose transporter), member 1",6513,138140,VPS73,YGL104C,Vacuolar Protein Sorting,612126,GLUT1 DEFICIENCY SYNDROME 2; GLUT1DS2,DiOPT,OrthoInspector|PANTHER|OrthoFinder|InParanoid|Hieranoid|OMA|SonicParanoid,7,9
SLC2A1,"solute carrier family 2 (facilitated glucose transporter), member 1",6513,138140,VVS1,YBR241C,Vacuolar protein Vital for Stress response,601042,DYSTONIA 9; DYT9,DiOPT,OrthoInspector|PANTHER|OrthoFinder|InParanoid|Hieranoid|OMA|SonicParanoid,7,9
SLC2A1,"solute carrier family 2 (facilitated glucose transporter), member 1",6513,138140,VVS1,YBR241C,Vacuolar protein Vital for Stress response,606777,GLUT1 DEFICIENCY SYNDROME 1; GLUT1DS1,DiOPT,OrthoInspector|PANTHER|OrthoFinder|InParanoid|Hieranoid|OMA|SonicParanoid,7,9
SLC2A1,"solute carrier family 2 (facilitated glucose transporter), member 1",6513,138140,VVS1,YBR241C,Vacuolar protein Vital for Stress response,614847,"EPILEPSY, IDIOPATHIC GENERALIZED, SUSCEPTIBILITY TO, 12; EIG12",DiOPT,OrthoInspector|PANTHER|OrthoFinder|InParanoid|Hieranoid|OMA|SonicParanoid,7,9
SLC2A1,"solute carrier family 2 (facilitated glucose transporter), member 1",6513,138140,VVS1,YBR241C,Vacuolar protein Vital for Stress response,612126,GLUT1 DEFICIENCY SYNDROME 2; GLUT1DS2,DiOPT,OrthoInspector|PANTHER|OrthoFinder|InParanoid|Hieranoid|OMA|SonicParanoid,7,9
SLC2A1,"solute carrier family 2 (facilitated glucose transporter), member 1",6513,143090,VPS73,YGL104C,Vacuolar Protein Sorting,601042,DYSTONIA 9; DYT9,DiOPT,OrthoInspector|PANTHER|OrthoFinder|InParanoid|Hieranoid|OMA|SonicParanoid,7,9
SLC2A1,"solute carrier family 2 (facilitated glucose transporter), member 1",6513,143090,VPS73,YGL104C,Vacuolar Protein Sorting,606777,GLUT1 DEFICIENCY SYNDROME 1; GLUT1DS1,DiOPT,OrthoInspector|PANTHER|OrthoFinder|InParanoid|Hieranoid|OMA|SonicParanoid,7,9
SLC2A1,"solute carrier family 2 (facilitated glucose transporter), member 1",6513,143090,VPS73,YGL104C,Vacuolar Protein Sorting,614847,"EPILEPSY, IDIOPATHIC GENERALIZED, SUSCEPTIBILITY TO, 12; EIG12",DiOPT,OrthoInspector|PANTHER|OrthoFinder|InParanoid|Hieranoid|OMA|SonicParanoid,7,9
SLC2A1,"solute carrier family 2 (facilitated glucose transporter), member 1",6513,143090,VPS73,YGL104C,Vacuolar Protein Sorting,612126,GLUT1 DEFICIENCY SYNDROME 2; GLUT1DS2,DiOPT,OrthoInspector|PANTHER|OrthoFinder|InParanoid|Hieranoid|OMA|SonicParanoid,7,9
SLC2A1,"solute carrier family 2 (facilitated glucose transporter), member 1",6513,143090,VVS1,YBR241C,Vacuolar protein Vital for Stress response,601042,DYSTONIA 9; DYT9,DiOPT,OrthoInspector|PANTHER|OrthoFinder|InParanoid|Hieranoid|OMA|SonicParanoid,7,9
SLC2A1,"solute carrier family 2 (facilitated glucose transporter), member 1",6513,143090,VVS1,YBR241C,Vacuolar protein Vital for Stress response,606777,GLUT1 DEFICIENCY SYNDROME 1; GLUT1DS1,DiOPT,OrthoInspector|PANTHER|OrthoFinder|InParanoid|Hieranoid|OMA|SonicParanoid,7,9
SLC2A1,"solute carrier family 2 (facilitated glucose transporter), member 1",6513,143090,VVS1,YBR241C,Vacuolar protein Vital for Stress response,614847,"EPILEPSY, IDIOPATHIC GENERALIZED, SUSCEPTIBILITY TO, 12; EIG12",DiOPT,OrthoInspector|PANTHER|OrthoFinder|InParanoid|Hieranoid|OMA|SonicParanoid,7,9
SLC2A1,"solute carrier family 2 (facilitated glucose transporter), member 1",6513,143090,VVS1,YBR241C,Vacuolar protein Vital for Stress response,612126,GLUT1 DEFICIENCY SYNDROME 2; GLUT1DS2,DiOPT,OrthoInspector|PANTHER|OrthoFinder|InParanoid|Hieranoid|OMA|SonicParanoid,7,9
SLC32A1,"solute carrier family 32 (GABA vesicular transporter), member 1",140679,616440,AVT1,YJR001W,Amino acid Vacuolar Transport,,,DiOPT,OrthoInspector|PANTHER|Ensembl Compara,3,9
SNAPC4,"small nuclear RNA activating complex, polypeptide 4, 190kDa",6621,602777,BAS1,YKR099W,BASal,,,DiOPT,OrthoInspector|Ensembl Compara,2,9
SNRNP70,"small nuclear ribonucleoprotein, U1 70kDa subunit",6625,180740,SNP1,YIL061C,,,,DiOPT,OrthoInspector|PhylomeDB|PANTHER|OrthoFinder|InParanoid|Hieranoid|SonicParanoid|Ensembl Compara,8,9
SNRPA1,small nuclear ribonucleoprotein polypeptide A',6627,603521,LEA1,YPL213W,Looks Exceptionally like U2A,,,DiOPT,OrthoInspector|PANTHER|OrthoFinder|InParanoid|Hieranoid,5,9
SNRPD3,small nuclear ribonucleoprotein D3 polypeptide 18kDa,6634,601062,SMD3,YLR147C,,,,DiOPT,OrthoInspector|PhylomeDB|PANTHER|OrthoFinder|InParanoid|Hieranoid|OMA|SonicParanoid|Ensembl Compara,9,9
SNX7,sorting nexin 7,51375,614904,SNX4,YJL036W,Sorting NeXin,,,DiOPT,OrthoInspector|PANTHER|InParanoid|Hieranoid|OMA,5,9
SOD2,"superoxide dismutase 2, mitochondrial",6648,147460,SOD2,YHR008C,SuperOxide Dismutase,612634,"MICROVASCULAR COMPLICATIONS OF DIABETES, SUSCEPTIBILITY TO, 6; MVCD6",DiOPT,OrthoInspector|PhylomeDB|PANTHER|OrthoFinder|InParanoid|Hieranoid|OMA|SonicParanoid,8,9
SREBF1,sterol regulatory element binding transcription factor 1,6720,184756,TYE7,YOR344C,Ty1-mediated Expression,,,DiOPT,PhylomeDB|Ensembl Compara|OrthoFinder,3,9
SRFBP1,serum response factor binding protein 1,153443,610479,BUD22,YMR014W,BUD site selection,,,DiOPT,PANTHER|OrthoFinder,2,9
SRSF5,serine/arginine-rich splicing factor 5,6430,600914,NPL3,YDR432W,Nuclear Protein Localization,,,DiOPT,Hieranoid|SonicParanoid|OrthoFinder,3,9
STAG1,stromal antigen 1,10274,604358,IRR1,YIL026C,IRRegular cell behavior,,,DiOPT,OrthoInspector|PhylomeDB|PANTHER|OrthoFinder,4,9
TAF13,"TAF13 RNA polymerase II, TATA box binding protein (TBP)-associated factor, 18kDa",6884,600774,TAF13,YML098W,TATA binding protein-Associated Factor,,,DiOPT,OrthoInspector|PANTHER|InParanoid|Hieranoid|Ensembl Compara,5,9
TARBP1,TAR (HIV-1) RNA binding protein 1,6894,605052,TRM3,YDL112W,Transfer RNA Methyltransferase,,,DiOPT,OrthoInspector|PANTHER|Ensembl Compara|OrthoFinder,4,9
TERF2IP,"telomeric repeat binding factor 2, interacting protein",54386,605061,RAP1,YNL216W,Repressor/Activator site binding Protein,,,DiOPT,PANTHER|OrthoFinder,2,9
THOP1,thimet oligopeptidase 1,7064,601117,PRD1,YCL057W,PRoteinase yscD,,,DiOPT,OrthoInspector|PhylomeDB|PANTHER|OrthoFinder|InParanoid|Hieranoid|OMA|SonicParanoid,8,9
TMEM165,transmembrane protein 165,55858,614726,GDT1,YBR187W,Gcr1 Dependent Translation factor,614727,"CONGENITAL DISORDER OF GLYCOSYLATION, TYPE IIk; CDG2K",DiOPT,OrthoInspector|PhylomeDB|PANTHER|OrthoFinder|InParanoid|Hieranoid|OMA|SonicParanoid|Ensembl Compara,9,9
TOP2A,topoisomerase (DNA) II alpha,7153,126430,TOP2,YNL088W,TOPoisomerase,,,DiOPT,OrthoInspector|PhylomeDB|PANTHER|OrthoFinder|InParanoid|Hieranoid|OMA|SonicParanoid,8,9
TUBG1,"tubulin, gamma 1",7283,191135,TUB4,YLR212C,TUBulin,615412,"CORTICAL DYSPLASIA, COMPLEX, WITH OTHER BRAIN MALFORMATIONS 4; CDCBM4",DiOPT,OrthoInspector|PhylomeDB|PANTHER|OrthoFinder|InParanoid|Hieranoid|OMA|SonicParanoid,8,9
TUSC3,tumor suppressor candidate 3,7991,601385,OST3,YOR085W,OligoSaccharylTransferase,611093,"MENTAL RETARDATION, AUTOSOMAL RECESSIVE 7; MRT7",DiOPT,OrthoInspector|PhylomeDB|PANTHER|OrthoFinder|InParanoid|Hieranoid|OMA|Ensembl Compara,8,9
TXN,thioredoxin,7295,187700,TRX1,YLR043C,ThioRedoXin,,,DiOPT,OrthoInspector|InParanoid|Hieranoid|OMA|SonicParanoid,5,9
TXN,thioredoxin,7295,187700,TRX2,YGR209C,ThioRedoXin,,,DiOPT,OrthoInspector|InParanoid|Hieranoid|OMA|SonicParanoid,5,9
TYMS,thymidylate synthetase,7298,188350,CDC21,YOR074C,Cell Division Cycle,,,DiOPT,OrthoInspector|PhylomeDB|PANTHER|InParanoid|Hieranoid|OMA|SonicParanoid|Ensembl Compara,8,9
UGT1A3,"UDP glucuronosyltransferase 1 family, polypeptide A3",54659,606428,ATG26,YLR189C,AuTophaGy related,,,DiOPT,Ensembl Compara|PANTHER,2,9
VPS45,vacuolar protein sorting 45 homolog (S. cerevisiae),11311,610035,VPS45,YGL095C,Vacuolar Protein Sorting,615285,"NEUTROPENIA, SEVERE CONGENITAL, 5, AUTOSOMAL RECESSIVE; SCN5",DiOPT,OrthoInspector|PhylomeDB|PANTHER|OrthoFinder|InParanoid|Hieranoid|OMA|SonicParanoid|Ensembl Compara,9,9
VPS72,vacuolar protein sorting 72 homolog (S. cerevisiae),6944,600607,VPS72,YDR485C,Vacuolar Protein Sorting,,,DiOPT,Ensembl Compara|InParanoid|Hieranoid|PANTHER,4,9
WDHD1,WD repeat and HMG-box DNA binding protein 1,11169,608126,CTF4,YPR135W,Chromosome Transmission Fidelity,,,DiOPT,OrthoInspector|PhylomeDB|PANTHER|OrthoFinder|InParanoid|Hieranoid|OMA|Ensembl Compara,8,9
XPNPEP3,"X-prolyl aminopeptidase 3, mitochondrial",63929,613553,ICP55,YER078C,Intermediate Cleaving Peptidase,613159,NEPHRONOPHTHISIS-LIKE NEPHROPATHY 1; NPHPL1,DiOPT,OrthoInspector|PhylomeDB|PANTHER|OrthoFinder|InParanoid|Hieranoid|OMA|SonicParanoid|Ensembl Compara,9,9
YKT6,YKT6 v-SNARE homolog (S. cerevisiae),10652,606209,YKT6,YKL196C,,,,DiOPT,OrthoInspector|PhylomeDB|PANTHER|OrthoFinder|InParanoid|Hieranoid|OMA|SonicParanoid|Ensembl Compara,9,9
